name	version	description	author	license	categories	last_publish	days_since_publish	downloads_last_month	github_stars	package_size_kb	gzip_size_kb	dependencies_count	peer_dependencies_count	dev_dependencies_count	engines_count	interoperability_score	readme_length	readme_has_examples	has_homepage	has_repository	documentation_score	npm_url	repository	homepage
debug	4.4.3	Lightweight debugging utility for Node.js and the browser	Josh Junon	MIT	Utility	9/13/2025	87	1811202604	11400	6.1	2.44	1	0	11	1	100	22109	1	1	1	100	https://www.npmjs.com/package/debug	https://github.com/debug-js/debug	https://github.com/debug-js/debug#readme
chalk	5.6.2	Terminal string styling done right	Unknown	MIT	Database/ORM, CLI Tool, UI Component	10/29/2025	40	1483070898	22800	0	0	0	0	10	1	100	0	0	1	1	40	https://www.npmjs.com/package/chalk	https://github.com/chalk/chalk	https://github.com/chalk/chalk#readme
commander	14.0.2	the complete solution for node.js command-line programs	TJ Holowaychuk	MIT	CLI Tool	11/9/2025	30	1032888701	1100	39.48	11.06	0	0	13	1	100	42966	1	1	1	100	https://www.npmjs.com/package/commander	https://github.com/tj/commander.js	https://github.com/tj/commander.js#readme
uuid	13.0.0	RFC9562 UUIDs	Unknown	MIT	UI Component	9/8/2025	91	754471575	15200	0	0	0	0	21	0	100	17265	1	1	1	100	https://www.npmjs.com/package/uuid	https://github.com/uuidjs/uuid	https://github.com/uuidjs/uuid#readme
ajv	8.17.1	Another JSON Schema Validator	Evgeny Poberezkin	MIT	Validation	6/9/2025	183	716944832	14500	111.05	32.02	4	0	41	0	90	13781	1	1	1	100	https://www.npmjs.com/package/ajv	https://github.com/ajv-validator/ajv	https://ajv.js.org
yargs	18.0.0	yargs the modern, pirate-themed, successor to optimist.	Unknown	MIT	CLI Tool	5/27/2025	196	565514076	11400	106.65	31.41	6	0	22	1	100	5402	1	1	1	100	https://www.npmjs.com/package/yargs	https://github.com/yargs/yargs	https://yargs.js.org/
ws	8.18.3	Simple to use, blazing fast and thoroughly tested websocket client and server for Node.js	Einar Otto Stangvik	MIT	Testing, CLI Tool, Real-time	6/28/2025	164	530986792	22500	0.28	0.21	0	2	10	1	100	15306	1	1	1	100	https://www.npmjs.com/package/ws	https://github.com/websockets/ws	https://github.com/websockets/ws
typescript	5.9.3	TypeScript is a language for application scale JavaScript development	Microsoft Corp.	Apache-2.0	Build Tool	12/9/2025	0	452447753	107000	3437.43	950.15	0	0	44	1	100	0	0	1	1	40	https://www.npmjs.com/package/typescript	https://github.com/microsoft/TypeScript	https://www.typescriptlang.org/
node-fetch	3.3.2	A light-weight module that brings Fetch API to node.js	David Frank	MIT	General	11/30/2023	740	358948449	8900	0	0	3	0	16	1	100	0	0	1	1	40	https://www.npmjs.com/package/node-fetch	https://github.com/node-fetch/node-fetch	https://github.com/node-fetch/node-fetch
lodash	4.17.21	Lodash modular utilities.	John-David Dalton	MIT	Utility	11/24/2025	15	348084084	61500	69.79	24.42	0	0	0	0	100	1107	1	1	1	80	https://www.npmjs.com/package/lodash	https://github.com/lodash/lodash	https://lodash.com/
@babel/core	7.28.5	Babel compiler core.	The Babel Team (https://babel.dev/team)	MIT	Build Tool	10/23/2025	47	341585737	43800	1258.19	297.78	15	0	14	1	90	0	0	1	1	40	https://www.npmjs.com/package/@babel/core	https://github.com/babel/babel	https://babel.dev/docs/en/next/babel-core
esbuild	0.27.1	An extremely fast JavaScript and CSS bundler and minifier.	Unknown	MIT	Build Tool, UI Component	12/3/2025	5	321532554	39500	41.12	14.18	0	0	0	1	100	175	0	1	1	45	https://www.npmjs.com/package/esbuild	https://github.com/evanw/esbuild	https://github.com/evanw/esbuild#readme
dotenv	17.2.3	Loads environment variables from .env file	Unknown	BSD-2-Clause	General	9/29/2025	70	320181826	20200	7.9	3.33	0	0	7	1	100	23124	1	1	1	100	https://www.npmjs.com/package/dotenv	https://github.com/motdotla/dotenv	https://github.com/motdotla/dotenv#readme
axios	1.13.2	Promise based HTTP client for the browser and node.js	Matt Zabriskie	MIT	API Framework, CLI Tool	11/4/2025	34	311835998	108000	36.81	14.15	3	0	58	0	90	65536	1	1	1	100	https://www.npmjs.com/package/axios	https://github.com/axios/axios	https://axios-http.com
zod	4.1.13	TypeScript-first schema declaration and validation library with static type inference	Colin McDonnell	MIT	Validation	12/7/2025	1	254900896	41000	273.72	54.29	0	0	0	0	100	0	0	1	1	40	https://www.npmjs.com/package/zod	https://github.com/colinhacks/zod	https://zod.dev
react	19.2.1	React is a JavaScript library for building user interfaces.	Unknown	MIT	Frontend Framework, Build Tool, UI Component	12/9/2025	0	233238667	241000	7.42	2.83	0	0	0	1	100	0	0	1	1	40	https://www.npmjs.com/package/react	https://github.com/facebook/react	https://react.dev/
express	5.2.1	Fast, unopinionated, minimalist web framework	TJ Holowaychuk	MIT	Web Framework	12/9/2025	0	230153997	68327	0	0	28	0	16	1	80	0	0	1	1	40	https://www.npmjs.com/package/express	https://github.com/expressjs/express	https://expressjs.com/
rollup	4.53.3	Next-generation ES module bundler	Rich Harris	MIT	Full-stack Framework, Build Tool	11/19/2025	20	226279421	26100	420.02	114.34	1	0	88	2	100	10002	1	1	1	100	https://www.npmjs.com/package/rollup	https://github.com/rollup/rollup	https://rollupjs.org/
ora	9.0.0	Elegant terminal spinner	Sindre Sorhus	MIT	CLI Tool	10/14/2025	56	187141229	9500	0	0	9	0	6	1	100	9425	1	1	1	100	https://www.npmjs.com/package/ora	https://github.com/sindresorhus/ora	https://github.com/sindresorhus/ora#readme
vite	7.2.7	Native-ESM powered web dev build tool	Evan You	MIT	Build Tool, Utility, UI Component	12/8/2025	1	171429740	76982	0	0	6	11	56	1	80	0	0	1	1	40	https://www.npmjs.com/package/vite	https://github.com/vitejs/vite	https://vite.dev
inquirer	13.0.2	A collection of common interactive command line user interfaces.	Simon Boudrias	MIT	CLI Tool, UI Component	12/2/2025	6	165558533	N/A	0	0	7	1	3	1	100	22693	1	1	1	100	https://www.npmjs.com/package/inquirer	https://github.com/SBoudrias/Inquirer.js	https://github.com/SBoudrias/Inquirer.js/blob/main/packages/inquirer/README.md
date-fns	4.1.0	Modern JavaScript date utility library	Unknown	MIT	Utility	8/3/2025	128	156564891	36300	77.21	17.48	0	0	39	0	100	1783	1	1	1	80	https://www.npmjs.com/package/date-fns	https://github.com/date-fns/date-fns	https://github.com/date-fns/date-fns#readme
webpack	5.103.0	Packs ECMAScript/CommonJs/AMD modules for the browser. Allows you to split your codebase into multiple bundles, which can be loaded on demand. Supports loaders to preprocess files, i.e. json, jsx, es7, css, less, ... and your custom stuff.	Tobias Koppers @sokra	MIT	Build Tool	11/18/2025	21	150131873	65800	3528.3	853.91	25	0	86	1	80	65536	1	1	1	100	https://www.npmjs.com/package/webpack	https://github.com/webpack/webpack	https://github.com/webpack/webpack
jest	30.2.0	Delightful JavaScript Testing.	Unknown	MIT	Testing	9/28/2025	72	148993748	45200	0	0	4	1	0	1	100	0	0	1	1	40	https://www.npmjs.com/package/jest	https://github.com/jestjs/jest	https://jestjs.io/
prompts	2.4.2	Lightweight, beautiful and user-friendly prompts	Terkel Gjervig	MIT	CLI Tool, UI Component	10/21/2023	780	143223258	9200	80.85	14.4	2	0	6	1	100	28350	1	1	1	100	https://www.npmjs.com/package/prompts	https://github.com/terkelg/prompts	https://github.com/terkelg/prompts#readme
dayjs	1.11.19	2KB immutable date time library alternative to Moment.js with the same modern API 	iamkun	MIT	General	10/31/2025	39	130606962	48400	6.94	2.96	0	0	30	0	100	8919	1	1	1	100	https://www.npmjs.com/package/dayjs	https://github.com/iamkun/dayjs	https://day.js.org
chai	6.2.1	BDD/TDD assertion library for node.js and the browser. Test framework agnostic.	Jake Luer	MIT	Testing	11/11/2025	28	127719923	8300	65.04	16.64	0	0	18	1	100	6221	1	1	1	100	https://www.npmjs.com/package/chai	https://github.com/chaijs/chai	http://chaijs.com
got	14.6.5	Human-friendly and powerful HTTP request library for Node.js	Unknown	MIT	General	11/22/2025	17	112657634	14800	0	0	12	0	44	1	90	24489	1	1	1	100	https://www.npmjs.com/package/got	https://github.com/sindresorhus/got	https://github.com/sindresorhus/got#readme
moment	2.30.1	Parse, validate, manipulate, and display dates	Iskren Ivov Chernev	MIT	Database/ORM, UI Component	10/14/2025	56	111909267	48100	294.89	73.13	0	0	34	1	100	2468	0	1	1	70	https://www.npmjs.com/package/moment	https://github.com/moment/moment	https://momentjs.com
playwright	1.57.0	A high-level API to automate web browsers	Microsoft Corporation	Apache-2.0	General	12/9/2025	0	111566270	80000	0	0	1	0	0	1	100	0	0	1	1	40	https://www.npmjs.com/package/playwright	https://github.com/microsoft/playwright	https://playwright.dev
jsonwebtoken	9.0.3	JSON Web Token implementation (symmetric and asymmetric)	auth0	MIT	Security	12/4/2025	5	108879695	18100	53.25	15.39	10	0	8	2	100	17709	1	1	1	100	https://www.npmjs.com/package/jsonwebtoken	https://github.com/auth0/node-jsonwebtoken	https://github.com/auth0/node-jsonwebtoken#readme
cors	2.8.5	Node.js CORS middleware	Troy Goode	MIT	Web Framework	4/9/2025	244	106640032	6200	4.32	1.78	2	0	6	1	100	9206	1	1	1	100	https://www.npmjs.com/package/cors	https://github.com/expressjs/cors	https://github.com/expressjs/cors#readme
enquirer	2.4.1	Stylish, intuitive and user-friendly prompt system. Fast and lightweight enough for small projects, powerful and extensible enough for the most advanced use cases.	Jon Schlinkert	MIT	CLI Tool, UI Component	7/28/2023	865	92511932	7900	74.01	22.13	2	0	8	1	100	56172	1	1	1	100	https://www.npmjs.com/package/enquirer	https://github.com/enquirer/enquirer	https://github.com/enquirer/enquirer
react-router	7.10.1	Declarative routing for React	Remix Software	MIT	Frontend Framework	12/9/2025	0	90292783	56000	187.64	57.7	2	2	13	1	100	0	0	1	1	40	https://www.npmjs.com/package/react-router	https://github.com/remix-run/react-router	https://github.com/remix-run/react-router#readme
colors	1.4.0	get colors in your node.js console	Marak Squires	MIT	CLI Tool	9/9/2025	91	90228165	N/A	9.43	4.07	0	0	2	1	100	0	0	1	1	40	https://www.npmjs.com/package/colors	ssh://git@github.com/Marak/colors.js	https://github.com/Marak/colors.js
graphql	16.12.0	A Query Language and Runtime which can target any service.	Unknown	MIT	API Framework	11/13/2025	26	89792811	20300	175.8	42.15	0	0	0	1	100	8506	1	1	1	100	https://www.npmjs.com/package/graphql	https://github.com/graphql/graphql-js	https://github.com/graphql/graphql-js
sharp	0.34.5	High performance Node.js image processing, the fastest module to resize JPEG, PNG, WebP, GIF, AVIF and TIFF images	Lovell Fuller	Apache-2.0	Database/ORM, Testing, UI Component	11/6/2025	33	87612756	31500	0	0	3	0	18	1	100	3160	1	1	1	90	https://www.npmjs.com/package/sharp	https://github.com/lovell/sharp	https://sharp.pixelplumbing.com
vitest	4.0.15	Next generation testing framework powered by Vite	Anthony Fu	MIT	Full-stack Framework, Testing, Build Tool	12/2/2025	7	79621830	15500	191.29	55.31	20	9	25	1	70	261	0	1	1	45	https://www.npmjs.com/package/vitest	https://github.com/vitest-dev/vitest	https://vitest.dev
react-router-dom	7.10.1	Declarative routing for React web applications	Remix Software	MIT	Frontend Framework	12/9/2025	0	78955525	56000	0.59	0.33	1	2	5	1	100	0	0	1	1	40	https://www.npmjs.com/package/react-router-dom	https://github.com/remix-run/react-router	https://github.com/remix-run/react-router#readme
@testing-library/react	16.3.0	Simple and complete React DOM testing utilities that encourage good testing practices.	Kent C. Dodds	MIT	Frontend Framework, Testing, UI Component	4/2/2025	251	78388572	19500	6.59	2.36	1	5	13	1	100	65536	1	1	1	100	https://www.npmjs.com/package/@testing-library/react	https://github.com/testing-library/react-testing-library	https://github.com/testing-library/react-testing-library#readme
busboy	1.6.0	A streaming parser for HTML form data for node.js	Brian White	N/A	Database/ORM, UI Component	6/19/2022	1269	75880550	3000	22.93	5.16	1	0	2	1	100	7926	1	1	1	100	https://www.npmjs.com/package/busboy	ssh://git@github.com/mscdex/busboy	https://github.com/mscdex/busboy#readme
boxen	8.0.1	Create boxes in the terminal	Sindre Sorhus	MIT	CLI Tool	8/5/2024	491	74868145	1600	44.14	11.74	8	0	4	1	100	4706	1	1	1	90	https://www.npmjs.com/package/boxen	https://github.com/sindresorhus/boxen	https://github.com/sindresorhus/boxen#readme
luxon	3.7.2	Immutable date wrapper	Isaac Cambron	MIT	General	9/5/2025	95	73822650	16300	81.59	24.07	0	0	20	1	100	2052	0	1	1	70	https://www.npmjs.com/package/luxon	https://github.com/moment/luxon	https://github.com/moment/luxon#readme
redux	5.0.1	Predictable state container for JavaScript apps	Unknown	MIT	State Management	5/6/2024	582	73778315	61400	3.66	1.44	0	0	20	0	100	8041	1	1	1	100	https://www.npmjs.com/package/redux	https://github.com/reduxjs/redux	http://redux.js.org
validator	13.15.23	String validation and sanitization	Chris O'Hara	MIT	Validation	11/10/2025	29	70903131	N/A	124.41	37.21	0	0	17	1	100	42083	1	1	1	100	https://www.npmjs.com/package/validator	https://github.com/validatorjs/validator.js	https://github.com/validatorjs/validator.js
winston	3.19.0	A logger for just about everything.	Charlie Robbins	MIT	Utility	12/7/2025	2	70452760	24200	148.39	37.52	11	0	16	1	90	36667	1	1	1	100	https://www.npmjs.com/package/winston	https://github.com/winstonjs/winston	https://github.com/winstonjs/winston#readme
next	16.0.8	The React Framework	Unknown	MIT	Frontend Framework, Full-stack Framework, CLI Tool	12/8/2025	0	67690404	N/A	0	0	5	6	221	1	90	0	0	1	1	40	https://www.npmjs.com/package/next	https://github.com/vercel/next.js	https://nextjs.org
react-hook-form	7.68.0	Performant, flexible and extensible forms library for React Hooks	Beier	MIT	Frontend Framework, Database/ORM, UI Component, Validation	12/7/2025	2	67081932	44300	32.09	11.27	0	1	38	1	100	0	0	1	1	40	https://www.npmjs.com/package/react-hook-form	https://github.com/react-hook-form/react-hook-form	https://react-hook-form.com
pino	10.1.0	super fast, all natural json logger	Matteo Collina	MIT	General	10/18/2025	52	66258352	16900	7.79	3	11	0	39	0	70	4864	1	1	1	90	https://www.npmjs.com/package/pino	https://github.com/pinojs/pino	https://getpino.io
formidable	3.5.4	A node.js module for parsing form data, especially file uploads.	Unknown	MIT	Database/ORM, Testing, UI Component	5/12/2025	210	61825366	N/A	0	0	3	0	18	1	100	0	0	1	1	40	https://www.npmjs.com/package/formidable	node-formidable/formidable	https://github.com/node-formidable/formidable
joi	18.0.2	Object schema validation	Unknown	BSD-3-Clause	Validation	11/19/2025	20	60229543	21200	167.83	52.65	7	0	7	1	100	458	0	1	1	45	https://www.npmjs.com/package/joi	https://github.com/hapijs/joi	https://github.com/hapijs/joi#readme
zustand	5.0.9	� Bear necessities for state management in React	Paul Henschel	MIT	Frontend Framework, State Management	11/30/2025	9	58521296	56100	1.25	0.59	0	4	0	1	100	17727	1	1	1	100	https://www.npmjs.com/package/zustand	https://github.com/pmndrs/zustand	https://github.com/pmndrs/zustand
superagent	10.2.3	elegant & feature rich browser / node HTTP with a fluent API	TJ Holowaychuk	MIT	Database/ORM, CLI Tool, UI Component	10/21/2025	49	57774015	16700	58.41	17.74	9	0	36	1	100	10605	1	1	1	100	https://www.npmjs.com/package/superagent	https://github.com/ladjs/superagent	https://github.com/ladjs/superagent
sockjs	0.3.24	SockJS-node is a server counterpart of SockJS-client a JavaScript library that provides a WebSocket-like object in the browser. SockJS gives you a coherent, cross-browser, Javascript API which creates a low latency, full duplex, cross-domain communication	Marek Majkowski	MIT	CLI Tool, Real-time	2/7/2023	1036	57177848	2100	87.79	26.28	3	0	1	0	90	16661	1	1	1	100	https://www.npmjs.com/package/sockjs	https://github.com/sockjs/sockjs-node	https://github.com/sockjs/sockjs-node
mocha	11.7.5	simple, flexible, fun test framework	TJ Holowaychuk	MIT	Testing	11/27/2025	12	54041079	22900	188.26	65.27	21	0	61	1	80	0	0	1	1	40	https://www.npmjs.com/package/mocha	https://github.com/mochajs/mocha	https://mochajs.org/
framer-motion	12.23.25	A simple and powerful JavaScript animation library	Matt Perry	MIT	Frontend Framework	12/2/2025	7	52407826	30500	186.39	56.87	3	3	3	0	80	6361	1	1	1	100	https://www.npmjs.com/package/framer-motion	https://github.com/motiondivision/motion	https://github.com/motiondivision/motion#readme
preact	10.28.0	Fast 3kb React-compatible Virtual DOM library.	Unknown	MIT	Frontend Framework, UI Component	12/1/2025	8	43571756	38200	11.74	4.73	0	0	37	0	100	14434	1	1	1	100	https://www.npmjs.com/package/preact	https://github.com/preactjs/preact	https://preactjs.com
i18next	25.7.2	i18next internationalization framework	Jan Mühlemann	MIT	Full-stack Framework	12/8/2025	1	43012539	8400	42.35	13	1	1	39	0	100	3896	0	1	1	70	https://www.npmjs.com/package/i18next	https://github.com/i18next/i18next	https://www.i18next.com
express-rate-limit	8.2.1	Basic IP rate-limiting middleware for Express. Use to limit repeated requests to public APIs and/or endpoints such as password reset.	Nathan Friedly	MIT	Web Framework, Security	10/31/2025	38	42212038	3200	33.33	10.19	1	1	23	1	100	9007	1	1	1	100	https://www.npmjs.com/package/express-rate-limit	https://github.com/express-rate-limit/express-rate-limit	https://github.com/express-rate-limit/express-rate-limit
ioredis	5.8.2	A robust, performance-focused and full-featured Redis client for Node.js.	Zihua Li	MIT	Database/ORM, CLI Tool, UI Component	12/3/2025	6	40882427	15100	132.41	39.29	9	0	30	1	100	0	0	1	1	40	https://www.npmjs.com/package/ioredis	https://github.com/luin/ioredis	https://github.com/luin/ioredis#readme
recharts	3.5.1	React charts	recharts group	MIT	Frontend Framework, UI Component	11/28/2025	11	39434500	26300	609.57	149.8	11	3	82	1	80	3964	1	1	1	90	https://www.npmjs.com/package/recharts	https://github.com/recharts/recharts	https://github.com/recharts/recharts
socket.io	4.8.1	node.js realtime framework server	Unknown	MIT	Real-time	5/8/2025	215	38465011	N/A	262.17	56.53	7	0	0	1	100	17267	1	1	1	100	https://www.npmjs.com/package/socket.io	https://github.com/socketio/socket.io	https://github.com/socketio/socket.io/tree/main/packages/socket.io#readme
multer	2.0.2	Middleware for handling `multipart/form-data`.	Unknown	MIT	Web Framework, Database/ORM, UI Component	7/17/2025	145	38308401	12000	227.89	45.15	7	0	9	1	100	13245	1	1	1	100	https://www.npmjs.com/package/multer	https://github.com/expressjs/multer	https://github.com/expressjs/multer#readme
engine.io	6.6.4	The realtime engine behind Socket.IO. Provides the foundation of a bidirectional connection between client and server	Guillermo Rauch	MIT	CLI Tool, Real-time	1/28/2025	315	38187684	N/A	210.03	42.55	9	0	0	1	100	22242	1	1	1	100	https://www.npmjs.com/package/engine.io	https://github.com/socketio/socket.io	https://github.com/socketio/socket.io/tree/main/packages/engine.io#readme
sinon	21.0.0	JavaScript test spies, stubs and mocks.	Christian Johansen	BSD-3-Clause	Testing	6/13/2025	179	37851965	9800	114.15	33.18	5	0	24	0	90	4810	0	1	1	70	https://www.npmjs.com/package/sinon	ssh://git@github.com/sinonjs/sinon	https://sinonjs.org/
yup	1.7.1	Dead simple Object schema validation	@monasticpanic Jason Quense	MIT	Validation	9/21/2025	79	36000616	23700	44.09	13.33	4	0	0	0	90	63139	1	1	1	100	https://www.npmjs.com/package/yup	https://github.com/jquense/yup	https://github.com/jquense/yup
vue	3.5.25	The progressive JavaScript framework for building modern web UI.	Evan You	MIT	Frontend Framework, Build Tool, UI Component	12/4/2025	5	33201223	52400	127.68	45.99	5	1	0	0	90	0	0	1	1	40	https://www.npmjs.com/package/vue	https://github.com/vuejs/core	https://github.com/vuejs/core/tree/main/packages/vue#readme
nodemailer	7.0.11	Easy as cake e-mail sending from your Node.js applications	Andris Reinman	MIT-0	General	11/26/2025	13	32248264	17400	209.98	56.01	0	0	14	1	100	5221	1	1	1	100	https://www.npmjs.com/package/nodemailer	https://github.com/nodemailer/nodemailer	https://nodemailer.com/
prisma	7.1.0	Prisma is an open-source database toolkit. It includes a JavaScript/TypeScript ORM for Node.js, migrations and a modern GUI to view and edit the data in your database. You can use Prisma in new projects or add it to an existing one.	Tim Suchanek	Apache-2.0	Database/ORM, CLI Tool, Utility, UI Component	12/9/2025	0	28819015	44700	0	0	6	2	57	1	100	0	0	1	1	40	https://www.npmjs.com/package/prisma	https://github.com/prisma/prisma	https://www.prisma.io
react-i18next	16.4.0	Internationalization for react done right. Using the i18next i18n ecosystem.	Jan Mühlemann	MIT	Frontend Framework, Full-stack Framework	12/5/2025	4	28752697	9800	23	8.82	3	3	51	0	80	10647	1	1	1	100	https://www.npmjs.com/package/react-i18next	https://github.com/i18next/react-i18next	https://github.com/i18next/react-i18next
redis	5.10.0	A modern, high performance Redis client	Unknown	MIT	Database/ORM, CLI Tool, UI Component	11/19/2025	20	28576493	17400	0	0	5	0	0	1	100	13476	1	1	1	100	https://www.npmjs.com/package/redis	https://github.com/redis/node-redis	https://github.com/redis/node-redis
cypress	15.7.1	Cypress is a next generation front end testing tool built for the modern web	Unknown	MIT	Full-stack Framework, Testing, Utility, UI Component	12/2/2025	6	27282189	49500	1521.63	452.93	42	0	0	1	80	0	0	1	1	40	https://www.npmjs.com/package/cypress	https://github.com/cypress-io/cypress	https://cypress.io
puppeteer	24.32.1	A high-level API to control headless Chrome over the DevTools Protocol	The Chromium Authors	Apache-2.0	Utility	12/8/2025	1	26931649	93000	0	0	6	0	1	1	100	2138	1	1	1	90	https://www.npmjs.com/package/puppeteer	https://github.com/puppeteer/puppeteer#main	https://github.com/puppeteer/puppeteer/tree/main#readme
@mui/material	7.3.6	Material UI is an open-source React component library that implements Google's Material Design. It's comprehensive and can be used in production out of the box.	MUI Team	MIT	Frontend Framework, UI Component	12/3/2025	6	26657136	97400	812.2	177.12	12	6	0	1	70	2274	0	1	1	70	https://www.npmjs.com/package/@mui/material	https://github.com/mui/material-ui	https://mui.com/material-ui/
@nestjs/core	11.1.9	Nest - modern, fast, powerful node.js web framework (@core)	Kamil Mysliwiec	MIT	Web Framework	11/14/2025	25	25003485	73792	189.03	49.3	6	6	1	1	80	12826	0	1	1	80	https://www.npmjs.com/package/@nestjs/core	https://github.com/nestjs/nest	https://nestjs.com
chart.js	4.5.1	Simple HTML5 charts using the canvas element.	Unknown	MIT	General	10/13/2025	57	24599678	N/A	202.85	67.82	1	0	45	1	100	2605	0	1	1	70	https://www.npmjs.com/package/chart.js	https://github.com/chartjs/Chart.js	https://www.chartjs.org
class-validator	0.14.3	Decorator-based property validation for classes.	TypeStack contributors	MIT	Validation	11/24/2025	15	24186795	11700	377.72	99	3	0	0	0	90	55238	1	1	1	100	https://www.npmjs.com/package/class-validator	https://github.com/typestack/class-validator	https://github.com/typestack/class-validator#readme
d3	7.9.0	Data-Driven Documents	Mike Bostock	ISC	General	5/17/2025	206	23848429	112000	290.35	90.66	30	0	10	1	80	754	0	1	1	50	https://www.npmjs.com/package/d3	https://github.com/d3/d3	https://d3js.org
helmet	8.1.0	help secure Express/Connect apps with various HTTP headers	Adam Baldwin	MIT	Web Framework, Security	3/17/2025	266	23808295	10600	11.95	3.17	0	0	0	1	100	20206	1	1	1	100	https://www.npmjs.com/package/helmet	https://github.com/helmetjs/helmet	https://helmetjs.github.io/
cookie-parser	1.4.7	Parse HTTP request cookies	TJ Holowaychuk	MIT	General	10/8/2024	426	22553463	2000	4.33	1.72	2	0	10	1	100	4474	1	1	1	90	https://www.npmjs.com/package/cookie-parser	https://github.com/expressjs/cookie-parser	https://github.com/expressjs/cookie-parser#readme
koa	3.1.1	Koa web app framework	Unknown	MIT	Web Framework	10/27/2025	43	22490896	35697	0	0	18	0	5	1	90	17317	1	1	1	100	https://www.npmjs.com/package/koa	https://github.com/koajs/koa	https://koajs.com
bcryptjs	3.0.3	Optimized bcrypt in plain JavaScript with zero dependencies, with TypeScript support. Compatible to 'bcrypt'.	Daniel Wirtz	BSD-3-Clause	Security	11/2/2025	36	22370515	N/A	20.1	9.15	0	0	4	0	100	7628	1	1	1	100	https://www.npmjs.com/package/bcryptjs	https://github.com/dcodeIO/bcrypt.js	https://github.com/dcodeIO/bcrypt.js#readme
passport	0.7.0	Simple, unobtrusive authentication for Node.js.	Jared Hanson	MIT	Web Framework, Security	1/10/2025	333	19498475	23500	9.22	2.73	3	0	6	1	100	9657	1	1	1	100	https://www.npmjs.com/package/passport	https://github.com/jaredhanson/passport	https://www.passportjs.org/
@angular/core	21.0.3	Angular - the core framework	angular	MIT	Frontend Framework	12/3/2025	6	18869936	99500	0	0	1	3	0	1	100	0	0	1	1	40	https://www.npmjs.com/package/@angular/core	https://github.com/angular/angular	https://github.com/angular/angular#readme
vue-router	4.6.3	> - This is the repository for Vue Router 4 (for Vue 3) > - For Vue Router 3 (for Vue 2) see [vuejs/vue-router](https://github.com/vuejs/vue-router).	Eduardo San Martin Morote	MIT	Frontend Framework	10/16/2025	54	18010172	4400	36.37	13.14	1	1	27	0	100	5668	0	1	1	80	https://www.npmjs.com/package/vue-router	https://github.com/vuejs/router	https://router.vuejs.org
jspdf	3.0.4	PDF Document creation from JavaScript	Unknown	MIT	General	11/19/2025	20	17656570	30900	395.86	124.31	3	0	50	0	90	11424	1	1	1	100	https://www.npmjs.com/package/jspdf	https://github.com/parallax/jsPDF	https://github.com/parallax/jsPDF
node-cache	5.1.2	Simple and fast NodeJS internal caching. Node internal in memory cache like memcached.	mpneuried	MIT	General	10/22/2024	413	16950248	2400	8.77	3.02	1	0	17	1	100	20323	1	1	1	100	https://www.npmjs.com/package/node-cache	https://github.com/node-cache/node-cache	https://github.com/node-cache/node-cache
mongoose	9.0.1	Mongoose MongoDB ODM	Guillermo Rauch	MIT	Database/ORM, State Management, Validation	12/5/2025	4	15785525	27400	1276.45	341.43	6	0	33	1	100	13747	1	1	1	100	https://www.npmjs.com/package/mongoose	https://github.com/Automattic/mongoose	https://mongoosejs.com
lit	3.3.1	A library for building fast, lightweight web components	Google LLC	BSD-3-Clause	Build Tool, UI Component	7/11/2025	151	15068577	20900	15.8	5.93	3	0	5	0	90	2312	1	1	1	90	https://www.npmjs.com/package/lit	https://github.com/lit/lit	https://lit.dev/
@headlessui/react	2.2.9	A set of completely unstyled, fully accessible UI components for React, designed to integrate beautifully with Tailwind CSS.	Unknown	MIT	Frontend Framework, UI Component	12/4/2025	4	14555575	28200	203.08	59.76	5	2	8	1	100	0	0	1	1	40	https://www.npmjs.com/package/@headlessui/react	https://github.com/tailwindlabs/headlessui	https://github.com/tailwindlabs/headlessui#readme
fastify	5.6.2	Fast and low overhead web framework, for Node.js	Matteo Collina	MIT	Web Framework, Validation	11/9/2025	30	13985840	35162	0	0	15	0	35	0	70	16551	1	1	1	100	https://www.npmjs.com/package/fastify	https://github.com/fastify/fastify	https://fastify.dev/
formik	2.4.9	Build forms in React, without the tears	Jared Palmer	Apache-2.0	Frontend Framework, Database/ORM, Build Tool, UI Component, Validation	11/10/2025	29	13800583	34400	44.86	13.21	8	1	11	0	80	6268	0	1	1	80	https://www.npmjs.com/package/formik	https://github.com/jaredpalmer/formik	https://formik.org
bcrypt	6.0.0	A bcrypt library for NodeJS.	Nick Campbell	MIT	Security	10/16/2025	54	13039993	N/A	6.96	2.36	2	0	2	1	100	17300	1	1	1	100	https://www.npmjs.com/package/bcrypt	https://github.com/kelektiv/node.bcrypt.js	https://github.com/kelektiv/node.bcrypt.js#readme
typeorm	0.3.28	Data-Mapper ORM for TypeScript and ES2021+. Supports MySQL/MariaDB, PostgreSQL, MS SQL Server, Oracle, SAP HANA, SQLite, MongoDB databases.	TypeORM	MIT	Database/ORM	12/8/2025	0	12563651	36100	665.25	143.41	15	16	56	1	70	0	0	1	1	40	https://www.npmjs.com/package/typeorm	https://github.com/typeorm/typeorm	https://typeorm.io
express-session	1.18.2	Simple session middleware for Express	TJ Holowaychuk	MIT	Web Framework	7/17/2025	145	12193030	6400	21.69	7.3	8	0	8	1	100	45373	1	1	1	100	https://www.npmjs.com/package/express-session	https://github.com/expressjs/session	https://github.com/expressjs/session#readme
knex	3.1.0	A batteries-included SQL query & schema builder for PostgresSQL, MySQL, CockroachDB, MSSQL and SQLite3	Tim Griesser	MIT	Database/ORM, Build Tool, UI Component, Validation	12/13/2024	360	11949223	20100	311.97	86.27	14	0	40	1	90	4820	1	1	1	90	https://www.npmjs.com/package/knex	https://github.com/knex/knex	https://knex.github.io/documentation/
drizzle-orm	0.45.0	Drizzle ORM package for SQL databases	Drizzle Team	Apache-2.0	Database/ORM, State Management	12/9/2025	0	11378583	31700	55.7	12.19	0	28	43	0	80	0	0	1	1	40	https://www.npmjs.com/package/drizzle-orm	https://github.com/drizzle-team/drizzle-orm	https://orm.drizzle.team
pinia	3.0.4	Intuitive, type safe and flexible Store for Vue	Eduardo San Martin Morote	MIT	Frontend Framework, UI Component, State Management	11/5/2025	34	10342714	14300	124.54	40.12	1	2	2	0	100	665	0	1	1	50	https://www.npmjs.com/package/pinia	https://github.com/vuejs/pinia	https://pinia.vuejs.org
@sendgrid/mail	8.1.6	Twilio SendGrid NodeJS mail service	Twilio SendGrid <help@twilio.com> (sendgrid.com)	MIT	General	9/19/2025	81	10027471	3000	66.69	21.79	2	0	0	1	100	0	0	1	1	40	https://www.npmjs.com/package/@sendgrid/mail	https://github.com/sendgrid/sendgrid-nodejs	https://sendgrid.com
antd	6.1.0	An enterprise-class UI design language and React components implementation	Unknown	MIT	Frontend Framework, UI Component	12/8/2025	1	9753042	96900	1283.92	398.87	48	2	170	0	60	11182	1	1	1	100	https://www.npmjs.com/package/antd	https://github.com/ant-design/ant-design	https://ant.design
jotai	2.16.0	� Primitive and flexible state management for React	Daishi Kato	MIT	Frontend Framework, State Management	12/9/2025	0	9653606	20800	11.18	4.32	0	4	0	1	100	5457	1	1	1	100	https://www.npmjs.com/package/jotai	https://github.com/pmndrs/jotai	https://github.com/pmndrs/jotai
sequelize	6.37.7	Sequelize is a promise-based Node.js ORM tool for Postgres, MySQL, MariaDB, SQLite, Microsoft SQL Server, Amazon Redshift and Snowflake’s Data Cloud. It features solid transaction support, relations, eager and lazy loading, read replication and more.	Unknown	MIT	Frontend Framework, Database/ORM, Utility	11/4/2025	34	9632727	30300	1776.84	327	16	0	60	1	90	4890	0	1	1	70	https://www.npmjs.com/package/sequelize	https://github.com/sequelize/sequelize	https://sequelize.org/
mobx	6.15.0	Simple, scalable state management.	Michel Weststrate	MIT	Frontend Framework, UI Component, State Management	9/26/2025	74	9591088	28100	63.65	17.56	0	0	9	0	100	13228	1	1	1	100	https://www.npmjs.com/package/mobx	https://github.com/mobxjs/mobx	https://mobx.js.org/
pdf-lib	1.17.1	Create and modify PDF files with JavaScript	Andrew Dillon	MIT	General	5/12/2022	1307	9338107	8100	459.51	179.07	4	0	22	0	90	61238	1	1	1	100	https://www.npmjs.com/package/pdf-lib	https://github.com/Hopding/pdf-lib	https://pdf-lib.js.org/
react-intl	7.1.14	Internationalize React apps. This library provides React components and an API to format dates, numbers, and strings, including pluralization and handling translations.	Eric Ferraiuolo	BSD-3-Clause	Frontend Framework, Database/ORM, UI Component	10/9/2025	61	9319791	14600	64.03	18.23	8	2	0	0	80	103	0	1	1	45	https://www.npmjs.com/package/react-intl	ssh://git@github.com/formatjs/formatjs	https://formatjs.github.io/docs/react-intl
svelte	5.45.8	Cybernetically enhanced web apps	Unknown	MIT	Frontend Framework, UI Component	12/8/2025	0	8892274	85100	0.17	0.14	15	0	15	1	90	1799	0	1	1	60	https://www.npmjs.com/package/svelte	https://github.com/sveltejs/svelte	https://svelte.dev
bullmq	5.65.1	Queue for messages and jobs based on Redis	Taskforce.sh Inc.	MIT	General	12/1/2025	8	8871682	8000	677.68	155.19	7	0	51	0	80	11403	1	1	1	100	https://www.npmjs.com/package/bullmq	https://github.com/taskforcesh/bullmq	https://bullmq.io/
jimp	1.6.0	An image processing library written entirely in JavaScript.	Andrew Lisowski <lisowski54@gmail.com>	MIT	General	9/9/2024	456	6986927	N/A	413.55	128.69	27	0	21	1	80	0	0	0	1	20	https://www.npmjs.com/package/jimp	jimp-dev/jimp	N/A
@apollo/server	5.2.0	Core engine for Apollo GraphQL server	Apollo	MIT	API Framework	11/21/2025	17	6390247	13900	159.06	45.04	20	1	0	1	90	6444	1	1	1	100	https://www.npmjs.com/package/@apollo/server	https://github.com/apollographql/apollo-server	https://github.com/apollographql/apollo-server#readme
pdfkit	0.17.2	A PDF generation library for Node.js	Devon Govett	MIT	General	8/30/2025	100	5535125	10500	575.02	220.21	5	0	24	0	90	6630	1	1	1	100	https://www.npmjs.com/package/pdfkit	https://github.com/foliojs/pdfkit	http://pdfkit.org/
react-bootstrap	2.10.10	Bootstrap 5 components built with React	Stephen J. Collings	MIT	Frontend Framework, UI Component	9/22/2025	78	5466256	22600	123.16	38.56	13	3	0	0	60	0	0	1	1	40	https://www.npmjs.com/package/react-bootstrap	https://github.com/react-bootstrap/react-bootstrap	https://react-bootstrap.github.io/
express-validator	7.3.1	Express middleware for the validator module.	Christoph Tavan	MIT	Web Framework, Validation	11/19/2025	20	5464385	6200	221.36	68.58	2	0	15	1	100	1114	0	1	1	60	https://www.npmjs.com/package/express-validator	https://github.com/express-validator/express-validator	https://express-validator.github.io
micro	10.0.1	Asynchronous HTTP microservices	Unknown	MIT	General	8/21/2024	474	5301788	10618	272.54	153.97	3	0	6	1	100	12366	1	1	1	100	https://www.npmjs.com/package/micro	https://github.com/vercel/micro	https://github.com/vercel/micro#readme
gsap	3.14.1	GSAP is a framework-agnostic JavaScript animation library that turns developers into animation superheroes. Build high-performance animations that work in **every** major browser. Animate CSS, SVG, canvas, React, Vue, WebGL, colors, strings, motion paths,	Unknown	Standard 'no charge' license: https://gsap.com/standard-license.	Frontend Framework, Database/ORM, Build Tool, UI Component	12/8/2025	1	5220190	23400	69.29	26.67	0	0	0	0	100	6196	1	1	1	100	https://www.npmjs.com/package/gsap	https://github.com/greensock/GSAP	https://gsap.com
nuxt	4.2.2	Nuxt is a free and open-source framework with an intuitive and extendable way to create type-safe, performant and production-grade full-stack web applications and websites with Vue.js.	Unknown	MIT	Frontend Framework, Full-stack Framework, Database/ORM, UI Component	12/9/2025	0	4935996	59038	0	0	57	2	11	1	80	5592	1	1	1	100	https://www.npmjs.com/package/nuxt	https://github.com/nuxt/nuxt	https://nuxt.com
bull	4.16.5	Job manager	OptimalBits	MIT	General	12/18/2024	355	4828358	16200	448.08	135.89	7	0	30	1	100	18667	1	1	1	100	https://www.npmjs.com/package/bull	https://github.com/OptimalBits/bull	https://github.com/OptimalBits/bull#readme
solid-js	1.9.10	A declarative JavaScript library for building user interfaces.	Ryan Carniato	MIT	Frontend Framework, Database/ORM, Build Tool, UI Component	12/6/2025	3	4768359	34700	11.91	3.96	3	0	0	0	90	0	0	1	1	40	https://www.npmjs.com/package/solid-js	https://github.com/solidjs/solid	https://solidjs.com
@hapi/hapi	21.4.4	HTTP Server framework	Unknown	BSD-3-Clause	Web Framework	11/6/2025	33	4552727	14739	433.01	105.98	18	0	12	1	90	1123	0	1	1	60	https://www.npmjs.com/package/@hapi/hapi	https://github.com/hapijs/hapi	https://hapi.dev
astro	5.16.4	Astro is a modern site builder with web best practices, performance, and DX front-of-mind.	withastro	MIT	Full-stack Framework, Database/ORM, Build Tool, UI Component	12/3/2025	6	3585769	54815	0	0	63	0	35	3	80	1386	0	1	1	60	https://www.npmjs.com/package/astro	https://github.com/withastro/astro	https://astro.build
react-spring	10.0.3	<p align="center">   <img src="https://i.imgur.com/QZownhg.png" width="240" /> </p>	Paul Henschel	MIT	Frontend Framework	9/18/2025	82	3537251	29000	50.53	19.26	6	2	0	0	80	3507	1	1	1	90	https://www.npmjs.com/package/react-spring	https://github.com/pmndrs/react-spring	https://github.com/pmndrs/react-spring#readme
@sveltejs/kit	2.49.2	SvelteKit is the fastest way to build Svelte apps	Unknown	MIT	Frontend Framework, Testing, Build Tool, UI Component	12/8/2025	0	3027104	20047	0	0	13	4	13	1	80	476	0	1	1	45	https://www.npmjs.com/package/@sveltejs/kit	https://github.com/sveltejs/kit	https://svelte.dev
polka	0.5.2	A micro web server so fast, it'll make you dance! :dancers:	Luke Edwards	MIT	General	9/19/2024	446	2731974	5559	4.66	1.97	2	0	0	0	100	0	0	0	1	20	https://www.npmjs.com/package/polka	https://github.com/lukeed/polka	N/A
graphql-yoga	5.17.1	<div align="center"><img src="https://raw.githubusercontent.com/graphql-hive/graphql-yoga/refs/heads/main/website/public/cover.png" width="720" /></div>	Saihajpreet Singh	MIT	API Framework	12/2/2025	7	2503321	8500	183.78	53.38	12	1	0	1	90	5680	1	1	1	100	https://www.npmjs.com/package/graphql-yoga	https://github.com/graphql-hive/graphql-yoga	https://github.com/graphql-hive/graphql-yoga#readme
ava	6.4.1	Node.js test runner that lets you develop with confidence.	Unknown	MIT	Testing, CLI Tool	7/12/2025	149	2482560	20800	0	0	40	1	15	1	80	7882	1	1	1	100	https://www.npmjs.com/package/ava	https://github.com/avajs/ava	https://avajs.dev
recoil	0.7.7	Recoil - A state management library for React	Unknown	MIT	Frontend Framework, State Management	2/12/2024	665	2190841	19600	79.39	23.48	1	1	0	0	100	1669	1	1	1	80	https://www.npmjs.com/package/recoil	https://github.com/facebookexperimental/Recoil	https://github.com/facebookexperimental/Recoil#readme
final-form	5.0.0	� Framework agnostic, high performance, subscription-based form state management	Erik Rasmussen	MIT	Database/ORM, UI Component, State Management	6/7/2025	185	2172982	3000	18.04	5.79	1	0	37	1	100	2517	0	1	1	70	https://www.npmjs.com/package/final-form	https://github.com/final-form/final-form	https://github.com/final-form/final-form#readme
apollo-client	2.6.10	A simple yet functional GraphQL client.	Sashko Stubailo	MIT	Frontend Framework, Full-stack Framework, API Framework, CLI Tool	6/13/2022	1275	1861492	19700	57.63	15.58	8	1	0	0	80	7207	1	1	1	100	https://www.npmjs.com/package/apollo-client	https://github.com/apollographql/apollo-client	https://github.com/apollographql/apollo-client#readme
csurf	1.11.0	CSRF token middleware	Jonathan Ong	MIT	Web Framework	5/14/2025	209	1773880	2300	13	4.68	4	0	14	1	100	10895	1	1	1	100	https://www.npmjs.com/package/csurf	https://github.com/expressjs/csurf	https://github.com/expressjs/csurf#readme
alpinejs	3.15.2	The rugged, minimal JavaScript framework	Caleb Porzio	MIT	General	11/15/2025	23	1444146	30700	43.55	15.3	1	0	0	0	100	28	0	1	1	45	https://www.npmjs.com/package/alpinejs	https://github.com/alpinejs/alpine	https://alpinejs.dev
plotly.js	3.3.0	The open source javascript graphing library that powers plotly	Plotly, Inc.	MIT	General	11/14/2025	24	1443294	2700	63.8	9.03	50	0	56	1	80	10653	1	1	1	100	https://www.npmjs.com/package/plotly.js	https://github.com/plotly/plotly.js	https://github.com/plotly/plotly.js#readme
gatsby	5.15.0	Blazing fast modern site generator for React	Kyle Mathews	MIT	Frontend Framework, Full-stack Framework	11/27/2025	12	1366758	55963	0	0	167	2	30	1	80	0	0	1	1	40	https://www.npmjs.com/package/gatsby	https://github.com/gatsbyjs/gatsby	https://github.com/gatsbyjs/gatsby/tree/master/packages/gatsby#readme
type-graphql	2.0.0-rc.2	Create GraphQL schema and resolvers with TypeScript, using classes and decorators!	Michał Lytek	MIT	API Framework, Validation	7/17/2024	510	1229358	8100	1.23	0.52	6	3	69	1	90	12707	1	1	1	100	https://www.npmjs.com/package/type-graphql	https://github.com/MichalLytek/type-graphql	https://typegraphql.com
sanity	4.21.0	Sanity is a real-time content infrastructure with a scalable, hosted backend featuring a Graph Oriented Query Language (GROQ), asset pipelines and fast edge caches	Sanity.io	MIT	Real-time, CMS	12/9/2025	0	1174589	5900	0	0	145	3	50	1	70	0	0	1	1	40	https://www.npmjs.com/package/sanity	https://github.com/sanity-io/sanity	https://www.sanity.io/
restify	11.1.0	REST framework	Mark Cavage	MIT	Web Framework	10/13/2025	57	1173412	10719	850.38	256.13	22	0	24	1	80	0	0	1	1	40	https://www.npmjs.com/package/restify	https://github.com/restify/node-restify	http://restify.com
parcel	2.16.3	Blazing fast, zero configuration web application bundler	Unknown	MIT	Build Tool	12/7/2025	2	1109129	44000	0	0	15	0	2	1	90	0	0	1	1	40	https://www.npmjs.com/package/parcel	https://github.com/parcel-bundler/parcel	https://github.com/parcel-bundler/parcel#readme
ember-source	6.9.0	A JavaScript framework for creating ambitious web applications	Unknown	MIT	General	12/3/2025	5	1062902	1	507.26	134.75	40	1	63	1	80	0	0	1	1	40	https://www.npmjs.com/package/ember-source	https://github.com/emberjs/ember.js	https://emberjs.com/
apollo-server	3.13.0	Production ready GraphQL Server	Apollo	MIT	API Framework	10/25/2024	409	938729	13900	1147.51	356.33	4	1	1	0	90	9753	1	1	1	100	https://www.npmjs.com/package/apollo-server	https://github.com/apollographql/apollo-server	https://github.com/apollographql/apollo-server#readme
objection	3.1.5	An SQL-friendly ORM for Node.js	Sami Koskimäki	MIT	Database/ORM, Build Tool, UI Component	9/25/2024	440	868187	N/A	386.78	105.88	3	1	15	1	100	4916	0	1	1	70	https://www.npmjs.com/package/objection	https://github.com/vincit/objection.js	https://github.com/vincit/objection.js#readme
oclif	4.22.54	oclif: create your own CLI	Salesforce	MIT	CLI Tool	12/7/2025	2	738201	9400	0	0	24	0	34	1	80	4802	1	1	1	90	https://www.npmjs.com/package/oclif	https://github.com/oclif/oclif	https://github.com/oclif/oclif
stimulus	3.2.2	Stimulus JavaScript framework	Basecamp, LLC	MIT	General	8/7/2023	855	621930	N/A	45.03	10.88	2	0	3	0	100	28	0	0	1	25	https://www.npmjs.com/package/stimulus	https://stimulus.hotwired.dev	N/A
agenda	5.0.0	Light weight job scheduler for Node.js	Ryan Schmukler	MIT	General	10/4/2024	431	589452	9600	1951.56	366.39	6	0	21	1	100	37537	1	0	1	80	https://www.npmjs.com/package/agenda	https://github.com/agenda/agenda	N/A
@strapi/strapi	5.31.3	An open source headless CMS solution to create and manage your own API. It provides a powerful dashboard and features to make your life easier. Databases supported: MySQL, MariaDB, PostgreSQL, SQLite	Strapi Solutions SAS	SEE LICENSE IN LICENSE	Web Framework, Frontend Framework, API Framework, Database/ORM, Security, CMS	12/9/2025	0	560993	70600	0	0	64	4	12	2	70	0	0	1	1	40	https://www.npmjs.com/package/@strapi/strapi	https://github.com/strapi/strapi	https://strapi.io
bookshelf	1.2.0	A lightweight ORM for PostgreSQL, MySQL, and SQLite3	Tim Griesser	MIT	Database/ORM	6/13/2022	1275	345894	6400	201.14	61.14	4	1	18	1	100	12179	1	1	1	100	https://www.npmjs.com/package/bookshelf	https://github.com/bookshelf/bookshelf	https://bookshelfjs.org
moleculer	0.14.35	Fast & powerful microservices framework for Node.JS	MoleculerJS	MIT	General	10/9/2025	61	222257	6358	616.24	159.13	10	22	55	1	80	0	0	1	1	40	https://www.npmjs.com/package/moleculer	https://github.com/moleculerjs/moleculer	https://github.com/moleculerjs/moleculer#readme
bee-queue	2.0.0	A simple, fast, robust job/task queue, backed by Redis.	Lewis J Ellis	MIT	General	12/8/2025	1	161310	4000	0	0	3	0	22	1	100	43433	1	1	1	100	https://www.npmjs.com/package/bee-queue	https://github.com/bee-queue/bee-queue	https://github.com/bee-queue/bee-queue
loopback	3.28.0	LoopBack: Open Source Framework for Node.js	IBM Corp.	MIT	Web Framework, API Framework, Database/ORM, Security	7/9/2024	518	118767	13180	1621.98	463.13	24	0	36	1	80	5953	0	1	1	80	https://www.npmjs.com/package/loopback	https://github.com/strongloop/loopback	http://loopback.io
sails	1.5.15	API-driven framework for building realtime apps, using MVC conventions (based on Express and Socket.io)	Mike McNeil	MIT	Web Framework, API Framework, Database/ORM, Build Tool, UI Component, Real-time	8/6/2025	124	115310	22853	0	0	44	0	19	2	80	10404	1	1	1	100	https://www.npmjs.com/package/sails	https://github.com/balderdashy/sails	https://sailsjs.com
directus	11.13.4	Directus is a real-time API and App dashboard for managing SQL database content	Monospace Inc	BUSL-1.1	Frontend Framework, API Framework, Database/ORM, Real-time, CMS	11/21/2025	18	56184	33600	0	0	2	0	0	1	100	3679	0	1	1	70	https://www.npmjs.com/package/directus	https://github.com/directus/directus	https://directus.io
remix	2.17.2	A framework for building better websites	Unknown	MIT	Full-stack Framework, Build Tool, UI Component	10/29/2025	41	54951	32050	0.46	0.33	0	0	0	1	100	780	0	1	1	50	https://www.npmjs.com/package/remix	https://github.com/remix-run/remix	https://remix.run
swc	1.0.11	Alias for @swc/cli	Unknown	MIT	CLI Tool	9/2/2025	98	52505	N/A	0.14	0.13	2	0	0	0	100	28	0	0	0	5	https://www.npmjs.com/package/swc	N/A	N/A
ghost	6.10.1	The professional publishing platform	Ghost Foundation	MIT	Database/ORM, UI Component, CMS	12/5/2025	3	38167	51300	0	0	155	0	42	2	80	5358	1	1	1	100	https://www.npmjs.com/package/ghost	https://github.com/TryGhost/Ghost	https://ghost.org
chakra-ui	0.3.9	Responsive and accessible React UI components built with React and Emotion	Segun Adebayo	MIT	Frontend Framework, UI Component	4/12/2022	1337	4702	487	299.02	96.94	17	5	46	0	60	1528	1	1	1	80	https://www.npmjs.com/package/chakra-ui	https://github.com/segunadebayo/chakra-ui	https://github.com/segunadebayo/chakra-ui
@keystonejs/keystone	19.3.4	The main @keystonejs class & CLI. This is where the magic happens.	The KeystoneJS Development Team	MIT	CLI Tool	11/15/2022	1120	4009	67	1955.53	642.02	30	0	4	1	80	14618	1	1	1	100	https://www.npmjs.com/package/@keystonejs/keystone	https://github.com/keystonejs/keystone-5#main	https://github.com/keystonejs/keystone-5/tree/main#readme
qwik	1.0.57	qwik switch package with setLevel module	Zaahir Ameeer	ISC	General	6/25/2022	1263	355	N/A	1.53	0.65	0	0	0	0	100	28	0	0	0	5	https://www.npmjs.com/package/qwik	N/A	N/A
